death_prob,vax_effect,viral_age_effect,f_val
0.4184108216234994,0.2832912038165205,0.8253595276166084,0.12234000000000002
0.620152608903664,0.5541720108686577,0.2679507659693293,0.12527000000000002
0.6307010195991355,0.38725444156413014,0.8950117260918546,0.11131
0.4005804126033656,0.3365958487445858,0.5070499389242744,0.13012
0.3403907455794463,0.5334169297921422,0.5568405531308945,0.09779
0.5720228369717866,0.405076160272691,0.8367537908524177,0.11332
0.29419896906522075,0.7054271714441088,0.5278746397965209,0.05338000000000001
0.47064980898665487,0.34420147620167374,0.16208969089411981,0.15129999999999996
0.18773851352077328,0.7027470354208635,0.4527943485502034,0.04275
0.020365668676311524,0.11793841522034489,0.42248430674999415,0.08818
0.582458225211207,0.5157216581574524,0.29224191503962255,0.12753
0.6292826674917217,0.26769007054714133,0.35455194137460433,0.13172
0.8640696377347286,0.5156116862771372,0.6968505108973474,0.11362000000000001
0.7572910046073056,0.6212653664904634,0.8370888371078615,0.09837
0.6253823566671286,0.32547636019327847,0.2927095317632187,0.13568
0.30096228057046004,0.7546468639820448,0.1840412376875116,0.04535
0.5337156475085771,0.8907101840196668,0.2642208840671301,0.01523
0.8110131412824925,0.5852799181819118,0.36786585767020397,0.11982000000000001
0.5946850577946391,0.11963155289194961,0.20066022555719745,0.13901
0.608281134498221,0.13455992245988233,0.7959691424454397,0.11928000000000001
0.0556896082298438,0.607898992798594,0.7756501929484271,0.02492
0.8770509301137566,0.6192368161500788,0.7502142199570525,0.10087
0.5680235493332884,0.4317259559453891,0.13064722502667056,0.14006
0.7663896749913733,0.3470623278737288,0.7651497175606686,0.11599
0.7092867928427425,0.7370480352889133,0.18050076620959568,0.07583999999999999
0.8889348150083096,0.24412112982745796,0.80619209550516,0.11248000000000001
0.5207089773110011,0.8291132278269443,0.3723915745752139,0.03461
0.04775062077871161,0.35651703990783035,0.5254393459198475,0.06798
0.043543741809760034,0.4232861339226861,0.8811709553979561,0.03691
0.3045290997734042,0.3983833087010812,0.45515774542928933,0.13495000000000001
0.11497083719053196,0.6134562208107331,0.4248522823511153,0.04803000000000001
0.8553210650111606,0.1394435063717678,0.12174342291257913,0.1173
0.46674389050737036,0.7543621191908225,0.676094878107285,0.05112000000000001
0.7353521980879144,0.5843449803394664,0.5598442466241362,0.11158000000000001
0.08839848196614619,0.8581371098189629,0.6599542799398967,0.006260000000000001
0.705012276436705,0.2844955899286169,0.2554106516671223,0.13019000000000003
0.5696021427318515,0.7323769783017635,0.1814136364729587,0.07802999999999999
0.8122703384056605,0.7706007903900319,0.7485120035965,0.06411
0.26811357336552855,0.5236153590231158,0.7624495143946124,0.09211
0.29638371342681685,0.41358750611650263,0.8444187272514512,0.10673000000000002
0.22644929739653302,0.6821292461600988,0.6944314431852658,0.048600000000000004
0.07339143485416051,0.4542375523590857,0.8222261049282997,0.05327000000000001
0.10874770650029518,0.8709101411566674,0.26646580649133306,0.00506
0.4102774057479796,0.21504857573986755,0.4581666055623871,0.14201999999999998
0.6255239350079327,0.5490944481913844,0.34338540965892217,0.12066000000000003
0.47974840326409546,0.3538003611779742,0.49036659550103534,0.12998
0.27305968442088796,0.8103146256497394,0.1486049573882327,0.02633
0.3735959198024907,0.2503704390299474,0.3441965035019544,0.15496999999999997
0.3765380612920289,0.8051061447138878,0.4013615250049516,0.03159
0.819652679011479,0.16159037982604024,0.3964099247340046,0.1198
0.13418443808063918,0.7821297783485667,0.21258674563664556,0.022000000000000002
0.05467717731863398,0.3672387996392482,0.6186165842462147,0.06536000000000002
0.292172576435161,0.7304846192974125,0.5867319071523946,0.04891000000000001
0.48524928656612004,0.8398260036579329,0.22863432820561588,0.028839999999999998
0.10707957422410022,0.7208244753225411,0.5504219233453701,0.02595
0.1727131551013818,0.7769219507326609,0.7779856915264636,0.0235
0.8941407760966515,0.6505455266424239,0.26440436383917554,0.11063000000000002
0.3071526249366522,0.7405254702683787,0.48843512294571423,0.04413
0.8048715935516543,0.15630355047514127,0.401325772156092,0.12013
0.5148689526512009,0.6228808706693723,0.5984323323383854,0.09213
0.566751797773075,0.4958840438367752,0.668756708963954,0.11400000000000002
0.7724822634949511,0.24650888706860283,0.3752962751638689,0.12442
0.17813305381663874,0.2529405079690714,0.14498375961599844,0.257
0.25845420352825355,0.8583068330668218,0.8617754519689362,0.01548
0.298276995963881,0.4440816219996987,0.5980100761267418,0.11564
0.5354550598007775,0.765907944186507,0.32042226039056537,0.05843000000000002
0.7501560126124365,0.630048721464225,0.5716544892852891,0.10394
0.13160113120898348,0.6950777931045081,0.5547184315644799,0.033530000000000004
0.27658281896971726,0.5360103567425422,0.1764959746962957,0.11541
0.38355517049258325,0.23510661052880935,0.3016033132554269,0.16014999999999996
0.16387561667737033,0.57187235566486,0.8538246177783964,0.05774000000000001
0.5659845563964934,0.39219911435506094,0.6844848376536045,0.11978000000000001
0.2914682708349566,0.8653576598734297,0.7801646666398565,0.01665
0.5885623245868378,0.6898183796466248,0.2863716693027021,0.08761
0.37974497133974877,0.10395024470311079,0.5913580384697447,0.13427999999999998
0.5715840389248804,0.2672340808222228,0.2597021185173338,0.13986
0.7299655674784548,0.8041028306684963,0.13127250387623493,0.048310000000000006
0.5462373761731824,0.7106350014661903,0.4029171015617983,0.07567
0.6640489569521159,0.6258151373070573,0.754796822376225,0.09670999999999999
0.8921337499157955,0.8144895345409415,0.5903894971284361,0.050650000000000014
0.669689022359398,0.31991864839074924,0.8518258832891353,0.11714000000000002
0.5211687104010634,0.45269653107789076,0.282882038983056,0.13616
0.8899423462963423,0.2217733807421052,0.6298799216602861,0.11281000000000001
0.3153443318211838,0.12443835264253247,0.33175902329656304,0.17009
0.8107191109805378,0.22571378174626677,0.591475135201817,0.11585000000000001
0.7425798147180831,0.43743476407002835,0.3085498710088991,0.12986
0.23348634899175402,0.7298463350747725,0.1688776057264204,0.04913
0.1764686702933086,0.8304654836054465,0.22381064486813299,0.01651
0.3020700104903358,0.4025225479964204,0.826083250978652,0.10885000000000002
0.3822694344148856,0.6790599376722163,0.3607819191887317,0.07299
0.867878092241612,0.6981346297767028,0.5933408812253813,0.09222000000000001
0.12470225911440645,0.3728244018320195,0.5955846443854967,0.09870000000000001
0.8703436059825933,0.8429077993064387,0.10647293844797795,0.04192
0.12099783062427304,0.4962181917726346,0.8624713995376352,0.06043000000000001
0.3902806066909019,0.26340458549831786,0.7444531480697598,0.12725
0.4326195547415102,0.3890785827500576,0.786845212515636,0.11671
0.07519768077973986,0.5632860464636774,0.3752447919087737,0.05325000000000001
0.44798158177998904,0.12932955097537768,0.17314755799489331,0.16099999999999998
0.2341222285566873,0.3507423051347668,0.48715663118174746,0.12833
0.8455139452988059,0.5536631465533814,0.5065498200229974,0.11275000000000002
0.132792830415842,0.14976284143412927,0.1,0.37062000000000006
0.01,0.1,0.1,0.20206000000000002
0.13106647062191157,0.1,0.1,0.41350000000000003
0.16597962826735405,0.1190866000445813,0.10634981007137201,0.33836
0.09678442090966438,0.10416400347721355,0.13126023383839788,0.40556
0.10860060693787554,0.11205766053066651,0.10325282077998477,0.43094
0.07182444300612509,0.11985362409237493,0.10283668953969674,0.44666000000000006
0.10067155964674682,0.11071200202128564,0.11021823668397311,0.42738
0.010468917870909061,0.898944038663388,0.10419148341442375,0.00043
0.1731795414305534,0.1080683619095285,0.8760199654182861,0.12227
0.08576620122354547,0.13825071055599836,0.1221441673710615,0.39036000000000004
0.2539675741698546,0.11562481844584714,0.10681110871318307,0.24050999999999997
0.09919185567331228,0.10827234676128922,0.12918606266565452,0.4008
0.014945937909209395,0.8828766129415843,0.8399456987054482,0.0006100000000000001
0.573015985007805,0.8974352657748017,0.8809038495403596,0.014020000000000001
0.08888209831736904,0.10830499852352303,0.11471325902155406,0.43339000000000005
0.061386313629850184,0.11654469945783151,0.10655135470110758,0.43498
0.5111206988390523,0.11584663553944125,0.896059005223866,0.11955
0.06121538683793182,0.1505825564032553,0.11519820350470847,0.38167
0.8976886924674962,0.14154422709771144,0.10428345983249186,0.11882000000000001
0.7386150711480954,0.10012129651718721,0.8922127409985338,0.11353999999999999
0.07589831809660727,0.24506622780644505,0.10348726974857768,0.32870999999999995
0.2539192472464381,0.10835405675572761,0.8673189423059521,0.1284
0.0907769665043769,0.10369822033856241,0.10803151026360186,0.43988999999999995
0.05878646067462511,0.12144021736988028,0.10608546323317053,0.4299000000000001
0.06033823985669902,0.11946650542382706,0.1168790516469434,0.41768
0.08433250402378169,0.11260506353158323,0.8974540222010177,0.10053000000000001
0.7182151845893439,0.8723769720728374,0.8980743338139332,0.02146
0.41369779997690165,0.8867014165839688,0.8984619584303645,0.013079999999999998
0.06493442851914094,0.13381740933067157,0.1042333910241598,0.41587
0.5108286287870963,0.11715639613784835,0.11169543253801831,0.14364999999999997
0.7374906151118923,0.12786401181794427,0.106790701879933,0.12659000000000004
0.07877974709104849,0.10339412562729695,0.12152748951768767,0.42290000000000005
0.057548422481276916,0.10530185584221448,0.10991520189341283,0.42841999999999997
0.055866746407218316,0.10186919220273155,0.1239957789337808,0.39909000000000006
0.11016386754799172,0.11508624849986165,0.10165467210317854,0.42719
0.09970685222700805,0.10226508333060727,0.27373260178279246,0.25622
0.3620244667719488,0.16291084371689774,0.10392993837334262,0.1765
0.07053792069371735,0.1296322136205581,0.10066141912584232,0.45041000000000003
0.8996974890402223,0.8625773845314306,0.8801183611712446,0.03559999999999999
0.013565387602312663,0.11806292710474137,0.8556450424861202,0.0345
0.0772296333893239,0.11173399617139329,0.11651720871114489,0.43081
0.8121629994916079,0.11228744361036266,0.8998271862100243,0.11256000000000002
0.1966740118506774,0.10562018148258812,0.29769047837346374,0.21987
0.06087965853747165,0.10926275110844781,0.10060120744088188,0.45429
0.06625898960647192,0.10312356244448956,0.10335417574465443,0.45224000000000003
0.39804126059173817,0.8966403306085919,0.12302163901116378,0.01222
0.6537416746476158,0.11076774158422023,0.10419941402056639,0.13193
0.09759516792927278,0.12028931272134759,0.10260405761562189,0.44538000000000005
0.3314175886363726,0.12657819797457048,0.8927885644182009,0.12201000000000001
0.7993705370704214,0.4268186837860245,0.1030537044210953,0.12732
0.6936506294811993,0.11472236009053055,0.541325052295184,0.11960000000000001
0.6504136658038588,0.8631973081098284,0.1028467236972742,0.029690000000000005
0.014411578964115684,0.8983153164244606,0.5487549804272863,0.00062
0.6850146804443109,0.8968769365707303,0.5462129081242528,0.01661
0.531315123240516,0.10470006046730873,0.5399615683502276,0.12420999999999999
0.19649409589580685,0.11384259244523315,0.10251631193483944,0.30347999999999997
0.505638776572079,0.8994763124608085,0.8976693696960516,0.013080000000000003
0.08679345091679808,0.11651825281798472,0.11417126814760864,0.4334400000000001
0.8976003247843305,0.10904293855219001,0.8935855870997191,0.11110000000000002
0.021057159041248243,0.4769586922794895,0.10251120763665655,0.07173
0.07350752419841955,0.12272621862225003,0.1042136224835038,0.44286000000000003
0.37434080941452713,0.4963757439716139,0.10462697229268275,0.14051
0.09240189900172442,0.154138612624579,0.10089565899753916,0.4083
0.12816624778045077,0.108786272760236,0.10362923356625774,0.40590000000000004
0.20503108802554498,0.10085170266183124,0.6092719630388166,0.14654
0.4489723372999019,0.10072402801736136,0.8993116053991846,0.11750000000000002
0.8997968008283826,0.12009702631162364,0.38187837764897303,0.11903000000000001
0.8001436006796336,0.8867624580107795,0.2543329313138605,0.020940000000000004
0.08185050974852717,0.11886112877198657,0.10533185078208183,0.44217
0.13459837178081016,0.10793051221751702,0.10073476381768423,0.39524000000000004
0.49626076194786983,0.4946733428273625,0.8944247831430371,0.10501
0.11642076669636234,0.8704254652779921,0.8930652844945356,0.005449999999999999
0.06879210003225868,0.10108598853167372,0.10563205756687673,0.45151
0.12350475258327352,0.4305992513915591,0.10024320574918706,0.17535
0.8996556333330179,0.4023885041311607,0.12638949855606177,0.12091000000000002
0.36812713295877203,0.6147244266299559,0.8924956857454657,0.07489
0.842328277912607,0.8939940138241759,0.8912628465084026,0.018250000000000002
0.28776357749602954,0.10315468118043142,0.5363575337367041,0.14134
0.08389344507461638,0.124625102121552,0.10956645472614188,0.43998000000000004
0.31331037610865126,0.11533037031812557,0.10176245177061222,0.20045
0.0698804242468172,0.10723183539399272,0.1055666318131733,0.44599999999999995
0.058697492874425036,0.11103228475989867,0.1075788800419793,0.43416
0.15214267893390793,0.10202895376643602,0.10092595038829835,0.37247
0.6779474125002134,0.4566428659830909,0.10654782561584604,0.13322
0.05925947062321387,0.10077112407077476,0.12361403559630615,0.40763000000000005
0.11255152570198601,0.10777192205323215,0.1002906739456277,0.42654000000000003
0.8996437269751226,0.8843089140845946,0.17799493721066367,0.024000000000000004
0.06464173847944703,0.10243454928632315,0.11851267564106296,0.42373000000000005
0.08893531016967562,0.10509512420584227,0.10158821991896644,0.45571
0.8226112863503604,0.4695188277217399,0.8989770700877702,0.10669000000000001
0.8982327370503311,0.49189901942806047,0.8892916046764159,0.10736000000000001
0.07133936330739692,0.8421094398079199,0.10629589627565217,0.00651
0.07463197969247333,0.11408974592169364,0.10688096964240668,0.44569000000000003
0.21017145557849135,0.3667945316323753,0.10130753478754562,0.19443
0.07665322632265127,0.13616772123999787,0.1022661680849037,0.41997999999999996
0.6603021105963083,0.10890503007395669,0.8915750021022938,0.11418000000000003
0.10987834613343601,0.10229865941742587,0.652667034959593,0.13682
0.10366975878874579,0.13575452215974979,0.10134485231535804,0.40215
0.08134899430566582,0.10245336698826205,0.1441458227398556,0.38438999999999995
0.06375014619247837,0.11509923245658361,0.10797963976154908,0.43748999999999993
0.5925237973948675,0.899509421175586,0.5669919451339445,0.014700000000000001
0.6479283268636645,0.8974279644437734,0.8737288471395522,0.01498
0.4698052945383298,0.10067327579529409,0.674572720429298,0.13143000000000002
0.4461403115084118,0.5635609423424099,0.1052668022677275,0.12386000000000001
0.2279882087817225,0.3106859811608508,0.8972492350770161,0.10833000000000002
0.125321507281336,0.10936448893906628,0.10150652220300432,0.4075
0.4124265323157991,0.11018600189706672,0.10845461349137936,0.16362
0.08982001273785392,0.14309727492958538,0.10194093920747918,0.4118900000000001
0.7956435995182876,0.1091591711852325,0.11874103580853115,0.12387000000000001
0.150220858977689,0.11487806972612359,0.37915971197307685,0.19942000000000001
0.12942904990932394,0.10389185951460665,0.10035095307570448,0.40326
0.23158243022980557,0.8967815519023813,0.4559128110668428,0.00801
0.053691812403342816,0.1257562343723426,0.10045384631980632,0.4353
0.05679416809122853,0.10500336381879896,0.18117710413065427,0.31322999999999995
0.4885859330569081,0.10326795578450838,0.33819446382872065,0.14035
0.09273747482620859,0.1034054853423581,0.12081513653564038,0.4197200000000001
0.6048324771484204,0.105835373682294,0.5230298271314909,0.12322
0.7541277200301054,0.1063735374152075,0.6311657956711402,0.11841000000000002
0.06104135408937183,0.11075489576453795,0.1020947699107369,0.44947999999999994
0.2543542703099457,0.10970818409008079,0.2780967626578255,0.19988999999999998
0.010407005137054413,0.48547161498373337,0.6289641844141153,0.012690000000000002
0.3887818153434208,0.8973919985477757,0.6440420629044237,0.01225
0.05348413258388134,0.12199571020354504,0.10119545137421558,0.43431000000000003
0.4999401827906284,0.7571033703466837,0.10174590668874135,0.05846
0.7637274831629666,0.8999876041093821,0.5628630442982725,0.017519999999999997
0.16710731246098437,0.8923194429857785,0.10942701429876092,0.006120000000000001
0.10419414549553412,0.10738544223753968,0.1092923179686502,0.43534000000000006
0.8994229560623818,0.542427297201605,0.5369566552898877,0.11369
0.6472775569797483,0.35383288367593657,0.5916474140346184,0.11978000000000001
0.34493236800071203,0.8777893313931999,0.8858127282769097,0.01295
0.11990489635623347,0.1009429422820225,0.1143086444362771,0.40730000000000005
0.5614868462733134,0.1262915465960064,0.8932451365360482,0.11914999999999999
0.12593539988639055,0.10077841399000667,0.10053977933123176,0.42123999999999995
0.050409170015244226,0.12130664741492271,0.1029230793174607,0.42703
0.092875470292149,0.1266931203408923,0.10178293427226306,0.44746
0.011618439425757129,0.6556608731230575,0.3085598194054835,0.007430000000000001
0.8487008969619748,0.10059075246085732,0.7761529288149284,0.11422000000000003
0.08462753046173023,0.1524984769433915,0.10365838681829498,0.41364000000000006
0.07553762137330029,0.17882409517821032,0.10207372683103495,0.39855
0.3112043954784398,0.3877621743324625,0.1064845712355802,0.17192999999999997
0.04033624021525932,0.10747758154928003,0.6545739006025805,0.09355000000000001
0.09870790713586217,0.14256578822088353,0.10010712777232192,0.41320999999999997
0.10586855921895284,0.10923025465945671,0.10291056699875148,0.43405
0.37706378636657023,0.1113581877706559,0.8999107349867501,0.12141000000000002
0.7103100810181032,0.43868088353624035,0.8947024226430342,0.10942
0.8522745758728584,0.8966943732927124,0.3881800889532978,0.01921
0.20828023779936516,0.8999256470495286,0.8970558498042361,0.006690000000000001
0.0637869862383071,0.15136830809112783,0.10023208782800791,0.4142
0.8644170261088009,0.34935910891834865,0.3072709433637243,0.12300000000000001
0.07944257545155932,0.11453679196283276,0.10671239986168884,0.44658000000000003
0.5670585284140558,0.11390600005784393,0.10267022470766998,0.13846999999999998
0.06155303873882066,0.10136312427609831,0.101886096278895,0.45323
0.010465567305987146,0.5521450364618781,0.8968312322029854,0.007350000000000001
0.08020900565006416,0.10574242778711361,0.1291948229985602,0.41424
0.06854772320528071,0.12823338414413127,0.10186367259879817,0.44423999999999997
0.06550981755078407,0.10722459591051132,0.10644523070488852,0.44663
0.1438803597869304,0.10271794252828698,0.20643518662119445,0.29294
0.44362985624875034,0.5951875264627537,0.39118998708253894,0.10594
0.6511894418954303,0.8873062173006286,0.3112966794234096,0.01839
0.09320617675150444,0.10727415930766089,0.10124791990634377,0.45061000000000007
0.6729234723895045,0.10771853815761326,0.3251229309637794,0.12951000000000001
0.32358528106027595,0.8902063035040065,0.10267059144976215,0.011150000000000002
0.7894071517022261,0.8860975933383627,0.10168539541661553,0.02047
0.07371078376658304,0.16140165056479908,0.10106198720124615,0.40868000000000004
0.06809507595967156,0.10072423873001589,0.1315989433124921,0.40818000000000004
0.056225135151869575,0.11833207154482075,0.10214345961756006,0.43895
0.568943366600132,0.8999010663384058,0.10745177776683193,0.014250000000000002
0.08624680698384585,0.10968458940536509,0.47503401808368817,0.15513999999999997
0.3191263911588569,0.11740044811374012,0.6807727736909912,0.13815
0.6178918933600891,0.36064562582378545,0.10608620590216465,0.13475
0.8485306656678347,0.5487520672563243,0.1003292682720506,0.12179999999999999
0.08271614409099755,0.12503910306106444,0.10093280732833271,0.4515600000000001
0.44220961733495234,0.899119185205897,0.42057979454555516,0.012440000000000001
0.7381129694727554,0.43174031011884917,0.10035169309228548,0.12887
0.038870455882171494,0.146841325029728,0.10046586622669258,0.36918
0.1641174014059538,0.10194541199869978,0.1045791888332353,0.3554
0.18912437796891338,0.32807911843788573,0.7163000669576249,0.11554000000000002
0.04927700247704109,0.10739235225823035,0.11225275005709802,0.41159
0.17262737858029403,0.3877077960327916,0.30596156697759036,0.14758
0.06028614412464188,0.10684086511286442,0.10034511189741267,0.45091000000000003
0.11919422637189213,0.10781671329594662,0.10185334870118395,0.42867
0.6852441801660147,0.4966594045064364,0.4446972617289836,0.12174
0.0419389840453723,0.8924944618774634,0.3389046881833525,0.0018000000000000002
0.215875771668483,0.10016550045440704,0.11424792944544403,0.27908
0.5278087755534447,0.8826221161984579,0.6923818615317481,0.01618
0.06175356621760456,0.10559480980614389,0.10700713884638038,0.44114000000000003
0.4278591755171778,0.10038227723665356,0.3995715673595177,0.15003999999999998
0.05956695137285653,0.11986951376584401,0.10514106518204597,0.43707
0.17391579658381093,0.5645188619374584,0.10015735586020647,0.10260000000000001
0.09464649736658429,0.10439013006205151,0.10908939520420997,0.44702
0.04508340403108183,0.10371825436733487,0.10027336522513633,0.4257400000000001
0.7421925227784634,0.10517523275871642,0.38281571447398555,0.12190000000000001
0.10589869155242114,0.10656397430743025,0.11190085322586515,0.42454000000000003
0.5093372719841259,0.2920521161791516,0.7345871714083424,0.12183000000000002
0.7744150447936543,0.8957019394072347,0.8955834517332865,0.01816
0.07039985734667371,0.1005175533647294,0.11742548646836513,0.43117000000000005
0.06457244184980056,0.8658483666109429,0.89827041563543,0.004410000000000001
0.6973112836402373,0.12284770064490501,0.7243500015263874,0.11800999999999999
0.11956318049126712,0.10186317627173098,0.10194105688213684,0.42728
0.12587480719940664,0.10584430083039909,0.1012589406297117,0.40619
0.8964804580361602,0.10162310994961175,0.64911488426552,0.11415000000000003
0.7610654812432531,0.34412346125768856,0.35218246005280207,0.12614
0.07068226071017045,0.12356162706660243,0.10128707716211355,0.44619
0.04516692053147851,0.11080550100960852,0.10237047960677002,0.41577
0.1704466040194792,0.8990420877780844,0.5719358865172139,0.00555
0.5527824074296377,0.583319908432232,0.8999624709733436,0.09404
0.10723131946277864,0.1074754051033648,0.11067944655514134,0.42546000000000006
0.08508364041105108,0.1212748324860221,0.10044470318599492,0.45519
0.05512823395525891,0.10026868695850438,0.10916675033653239,0.42924000000000007
0.6119052275872197,0.20476092334821802,0.7019868244559525,0.12304000000000002
0.5090423834222176,0.4322232217663532,0.8087837540714842,0.11566000000000003
0.10042348177071883,0.10270728345231239,0.11691783932316203,0.41435
0.09019891977576937,0.11019459258263478,0.10020682729328581,0.45097000000000004
0.08188232266296018,0.10106899103214158,0.13501472107166404,0.40001000000000003
0.060094861969789005,0.10934764305900072,0.10222056114386185,0.44927999999999996
0.06302534650120505,0.1872428998189774,0.10161388439080926,0.38592
0.07260686366670556,0.1047360854866283,0.10749308886242037,0.44608000000000003
0.10595684397066024,0.12578711890229358,0.10105280964821857,0.43493000000000004
0.08779440027990987,0.10372181007112635,0.10605941639930477,0.44836
0.06552895084411368,0.13912821213305818,0.10035339519051219,0.41470000000000007
0.518367797498518,0.40103576042685274,0.10247711454240083,0.1433
0.10079694336551434,0.10086647285026809,0.11133358446532632,0.43526
0.0614119045812061,0.12276988419929459,0.1037028885885743,0.44165000000000004
0.07580942358491201,0.10797555285010318,0.10813619874906388,0.45018
0.10006666665718839,0.10431123226112549,0.10586242611316213,0.44512
0.8899975890979804,0.3481064490226321,0.7151427520759317,0.11362
0.15300193950348598,0.6672444915420569,0.6741629283212285,0.03861
0.05087548636029881,0.10284409163098358,0.10666267972234894,0.42452
0.13174354643292963,0.7698400178769494,0.5410951783954242,0.02101
0.16682991557469465,0.3887331285312098,0.2546319076240233,0.15703
0.7612375835498704,0.48490891666486435,0.10088555461615885,0.127
0.7309704694747234,0.7454501533102218,0.49032342241424787,0.07085
0.497421898977579,0.8066376998472963,0.6498391725691531,0.03537
0.569602107247747,0.5192464435158243,0.851451729379216,0.10871000000000003
0.07293440552643195,0.14251927676722992,0.10012392901467147,0.42732
0.356802401643711,0.8048638497066687,0.8333234961849423,0.028530000000000007
0.5361910905204237,0.8896197644445647,0.48204320031441317,0.015070000000000002
0.07767619737735426,0.12955139856057746,0.10126436257594573,0.45039
0.8561951301507922,0.10028012531717989,0.4954323677107878,0.11515
0.05532985772191784,0.10670254866889275,0.10624759310333208,0.43455
0.06443992758700941,0.12117795531253847,0.10404487933872196,0.43715000000000004
0.05750951831348789,0.8459138132415522,0.4339714359995719,0.00493
0.5091108474017499,0.8351794720677537,0.4196630661447295,0.030720000000000004
0.0520338725488778,0.12639648972990855,0.10046692511465949,0.4298200000000001
0.08712669824113116,0.11686316298809409,0.11055014161272371,0.43649
0.46259727000139195,0.49329939330600303,0.7271531983305506,0.10820000000000002
0.09152802940711649,0.15404639696458972,0.10028598598272538,0.41356000000000004
0.7059313141606266,0.3839063024196505,0.8206737425686338,0.11153000000000002
0.09807291279577685,0.11732416663324746,0.10060009304405933,0.44838
0.09687620265644037,0.110432578404731,0.10726520515331056,0.44321
0.029607168713791265,0.8129381711746436,0.12042408317089538,0.00413
0.47083440185211484,0.3043579419434188,0.1533123719146689,0.15244
0.08213205494464808,0.12251171354253333,0.10294281651467196,0.45163000000000003
0.08375575057736234,0.12311244589587665,0.10718933126192819,0.44144999999999995
0.08436864239649115,0.10924541404717276,0.10604291480284891,0.44601
0.12096586904703767,0.10103771424295385,0.10710218638856768,0.41345
0.31372117380437115,0.7381695977151755,0.24020796525776913,0.04809000000000001
0.46026889956642775,0.497161299037131,0.2811949517769874,0.13368000000000002
0.2501365971442732,0.8363330153134896,0.6349109851753244,0.01811
0.1330988457155188,0.13278601880870522,0.5839429114535236,0.14509999999999998
0.3843016283280747,0.8694075373448692,0.5014422934269678,0.014750000000000001
0.7153338412960001,0.31997449042813214,0.33962840687488793,0.12579
0.38376161602730735,0.46631927091299397,0.5225135092058344,0.11959
0.2925066084757038,0.19934726989170087,0.8520304382614984,0.12649000000000002
0.08520232039898216,0.11983492377990493,0.10050118701140827,0.45094
0.773986040851672,0.13983186047663926,0.5182480246725838,0.11829
0.7564219801044026,0.6189336287677356,0.3582896244714183,0.11028000000000002
0.819129663118009,0.4968899264133029,0.6066216833895364,0.1158
0.47882561360174675,0.43243767590291604,0.3701353255220684,0.13314
0.4021995659949659,0.3706826087901628,0.7645609150530396,0.12176000000000001
0.7497179057126131,0.15199683065009736,0.6140860499666688,0.11733
0.09248954713412974,0.11952467619653434,0.10597315096645454,0.43922000000000005
0.20841490217300263,0.5638771494629075,0.39005458266919,0.08689999999999999
0.8399322256704458,0.5187073204655057,0.5807486842132092,0.11519000000000001
0.749186827101909,0.2069801441777175,0.21257610167475546,0.12911
0.16426968677472195,0.5111829133448388,0.8098989935802448,0.07186
0.36075414937233313,0.21705748604484243,0.8399320185033615,0.12254000000000001
0.8106473148646561,0.8212506269539647,0.3437689669461355,0.048470000000000006
0.7484390053020409,0.38619213636869054,0.2734786289753801,0.12677
0.516087976803477,0.5147756277702191,0.7165554446992626,0.10875
0.345794582500708,0.579339789901295,0.35865393881410357,0.10189
0.10731866632338394,0.1061942820867329,0.10870786092416118,0.42506
0.06412010034771078,0.10052005650538175,0.10991677567127268,0.43618
0.6604828755521871,0.19039184029207867,0.6800980198334158,0.11752000000000003
0.8022890758819946,0.6085290133834066,0.6390049920555916,0.10787000000000001
0.1386977731171789,0.8266694141438732,0.1570872368135456,0.01391
0.7962893381728439,0.144866801446681,0.5187968741693615,0.11771000000000001
0.40441291045378924,0.5507411411393027,0.7527062036922468,0.09566
0.6006814559408137,0.6634615998748397,0.1504123516033521,0.10393000000000001
0.05810955994077657,0.7505142275834249,0.6953605483559164,0.011700000000000002
0.08798349674277758,0.10202582117153725,0.1059483448348849,0.44762
0.06878755291322186,0.10599837153845071,0.10643521856686898,0.45072
0.5424612919584615,0.5927550671155878,0.5693805386329466,0.10588000000000002
0.09554476611941587,0.10313413220584078,0.11496942215967289,0.43262
0.0720538491017555,0.10980668462042785,0.10767962381148957,0.44642000000000004
0.04082477942381517,0.10545766557784164,0.10144361845580407,0.41266
0.7121856016819159,0.8016397106227876,0.5984793769650796,0.046270000000000006
0.45360142664756475,0.21871147871268282,0.6156990062005923,0.12900000000000003
0.03692009782382997,0.5456374089947712,0.2600652867636769,0.04176
0.5347964377229314,0.18788242831462612,0.42606734353822917,0.13663999999999998
0.1803847846106005,0.6201726314234961,0.3836280444382918,0.06457
0.23041973457410786,0.31618152189858606,0.39531764507913014,0.15488
0.02606357694586818,0.3838239078829806,0.5187245239920576,0.04178
0.8008122525501675,0.8077220657171074,0.7263535112940418,0.04702
0.24508624830411369,0.6598885621293833,0.7337690685262201,0.057670000000000006
0.826707354620627,0.11600714713923131,0.699645517782226,0.11263000000000002
0.23149024526455886,0.6480478199149122,0.5237328099874736,0.06254
0.10641425513542879,0.11556883898595835,0.10116966753227752,0.43975000000000003
0.25965778644779114,0.8014285557774095,0.5644147816025642,0.024370000000000003
0.08399001706189682,0.10058487756117254,0.10613583706453777,0.45222000000000007
0.7595801902494632,0.6004151803046054,0.5860025306405606,0.10714
0.10527505709881196,0.11596692729429253,0.10143967747420507,0.43637
0.6489171426622189,0.36419942100560154,0.7734905370566095,0.11538999999999999
0.8402849731402837,0.2948555069260618,0.14038577063247512,0.12191
0.1363944641877969,0.38109747152968765,0.8819769321956324,0.08415999999999998
0.21031724447076935,0.7454765056246636,0.48227927449127106,0.0333
0.2689965410520017,0.41703248192201814,0.7422402335694466,0.10833999999999999
0.5468196346612447,0.7540903061819232,0.54322890804628,0.057860000000000016
0.10009035369374093,0.10175134698673816,0.10037797073312778,0.45002000000000003
0.8318006795169303,0.2390129979548448,0.6617088378893914,0.11455000000000001
0.2384653274734694,0.7297043143460766,0.3561903348781654,0.04655
0.14934176772003543,0.8686817734287554,0.14425869311216213,0.00779
0.6438119829046111,0.5802014664810095,0.6510797925320777,0.10825
0.6333864891415062,0.1328544934152494,0.12145722265324023,0.13304
0.4616876352730786,0.2964009085741345,0.22217985896152856,0.15299
0.09128207654371434,0.10019170187905413,0.10816060571328974,0.44300000000000006
0.36300409573092685,0.3197544986177251,0.5107021525816606,0.13144999999999998
0.6537628411406947,0.5782338851933803,0.5511348523734587,0.10983000000000001
0.08159138062676459,0.1038542970155711,0.10218316517034448,0.4579000000000001
0.0611596122718065,0.10448328646277744,0.10213074363449026,0.45298
0.5094246325016537,0.647578468469672,0.20927021385379646,0.09685
0.5949182196790237,0.5322397718489186,0.24493932526524154,0.12828
0.09502589453823161,0.11384776829051467,0.10307258119258284,0.44346
0.768760235221287,0.5323790640091465,0.6771233276360075,0.11356000000000002
0.638963917515339,0.6004090502732425,0.8671831747182117,0.09425
0.13239873311900316,0.12311092301414545,0.2528832353278352,0.25567999999999996
0.8373944995370775,0.2021990814105741,0.43115842783977243,0.12114000000000001
0.18856830452612486,0.510032040776302,0.31876755117047884,0.10583000000000002
0.6492695221592971,0.6535263580677502,0.4231966968929646,0.10048000000000001
0.18756926756596026,0.29020250576644235,0.8442619757267936,0.11059000000000001
0.08964237543464988,0.11652509923040918,0.10210641976805075,0.45187
0.15806257521118908,0.3407856951211946,0.13103466729269517,0.21506
0.7990973550731449,0.4605420844811092,0.6556084095147006,0.11835000000000002
0.6889852110236496,0.6865404373365958,0.47588635353045683,0.08809999999999998
0.5161722869368779,0.6152090359836955,0.24825877323577195,0.10729000000000002
0.09309142769319842,0.10090626956807008,0.10112701780738852,0.45563000000000003
0.2774300066716659,0.49750634227693147,0.48455728999357006,0.10586000000000002
0.49356771940903843,0.2628989627356826,0.47660872029089085,0.13147
0.103116692101956,0.10033019398961214,0.10571105623580355,0.44032
0.47361554839631775,0.79762030607197,0.7619726466418002,0.043579999999999994
0.5386543714380422,0.7492756226179876,0.641825182758832,0.05904
0.39792480500544203,0.7068323449835788,0.522148419826779,0.06248
0.3710445709232674,0.8896131504440131,0.4601242339877206,0.01201
0.05932065232086155,0.393468336849229,0.24123611564619218,0.12493000000000003
0.07606454181533716,0.11145434682557928,0.10690891189107905,0.44388999999999995
0.37371650641595144,0.22419460405327238,0.6582953550195644,0.13313
0.614542240702599,0.11837834312878136,0.89376865763693,0.11544
0.14796411973865525,0.16547542063117168,0.23635606401337983,0.25052
0.3380422151229392,0.42116608234339425,0.11089893786474497,0.15419999999999998
0.7078765089971533,0.301387544162791,0.5545047957930901,0.11967
0.07278624514236412,0.12732639190555528,0.10018746972716999,0.44688
0.5470205477636503,0.36136651647243834,0.554140507245012,0.12499000000000002
0.8674317265662729,0.8895011823926816,0.3535408668876687,0.02122
0.053952100928070096,0.4127478753968934,0.8819738208276006,0.044250000000000005
0.5770432326692879,0.6028849955451214,0.6147686523348681,0.10020000000000001
0.7223252815995667,0.20952907991601263,0.6414141123511578,0.11875000000000002
0.5998526902507885,0.2768002050704084,0.5141738849456324,0.12325000000000001
0.4565464550678598,0.7270425846956062,0.1573565745441843,0.07263
0.692706661436302,0.34652505254193744,0.5154009745385811,0.12156
0.09538813169506262,0.10397441933001304,0.10706979588324855,0.44034000000000006
0.2112609928552983,0.8147961689018358,0.754439883279593,0.018850000000000002
0.07008715421848534,0.10148779395655723,0.10353051316845133,0.45889
0.5240556611409365,0.8307948442107951,0.5143320266719681,0.03416
0.11183181613879582,0.6339695475063258,0.6902117450867726,0.040350000000000004
0.8005580150732333,0.754954271279339,0.7814815621029293,0.06804
0.07604484063117042,0.10147327662922977,0.10424511398933617,0.45714
0.027616573708150932,0.3332479125180815,0.3273568083508365,0.07837
0.7974104797440607,0.2298061013265856,0.8558654395857171,0.11325000000000003
0.09598028751136083,0.10301326688115733,0.10080729399316911,0.45093000000000005
0.6094429370099446,0.1796847978360985,0.4648070586080155,0.13064
0.43991091037784064,0.7065899923835103,0.4506115818733212,0.06939000000000001
0.5317389186019039,0.19095792006726725,0.3632659142319584,0.13954
0.08290493189272471,0.47328373009816693,0.44165581238385676,0.07102
0.7843295119621737,0.7797962696819781,0.8025108249832296,0.061130000000000004
0.10053070118654618,0.41804364674504646,0.10675957328129711,0.17509999999999998
0.04754825234649493,0.1254539845616665,0.4842538800145091,0.11917000000000001
0.6518230725844192,0.6816469411126144,0.4704973137033398,0.08805
0.07141079508861979,0.10482139045676853,0.10687483150435889,0.45021
0.07886059281095568,0.10823664592424703,0.10548880278546263,0.4496300000000001
0.48644709991023827,0.8131961833677396,0.5335571919917713,0.03503
0.522350264751952,0.7006088983378636,0.31221017405950957,0.0765
0.18913983434922196,0.7453224416861245,0.11274220514632757,0.03464
0.37778539507611997,0.7518693178431971,0.7273941665694141,0.045620000000000015
0.7938430271342333,0.7779924655041974,0.3013207698583177,0.06733
0.01669755903934711,0.4895543472338565,0.5256841365618855,0.01906
0.06969807230749919,0.10220480073245551,0.10948522377490325,0.44338
0.3177452551065509,0.3262629866722334,0.8233582528161153,0.11893000000000001
0.6121243252471941,0.5005415738122212,0.6374449458755156,0.11683000000000002
0.7105959960246244,0.5130888784868971,0.8362589095684781,0.10944000000000002
0.7449769191955835,0.5987833074285778,0.520680951557673,0.10980000000000001
0.16839880814029998,0.7054049321156906,0.8277878550859777,0.033670000000000005
0.8050847186748846,0.23568509313281444,0.47935729972806773,0.11868000000000001
0.2365796753079656,0.2958994179879316,0.10169357336803123,0.21414999999999998
0.43423802862696037,0.7119183516161913,0.26357064872563607,0.0706
0.2916608993581334,0.22942235719769655,0.31948661562261466,0.17525999999999997
0.8230140968552119,0.3479528345079688,0.6429416480247155,0.11548000000000001
0.8862669495121891,0.4832467989320114,0.6869774611573285,0.11373000000000001
0.2506281513602681,0.18851301012419505,0.6715619946141742,0.13823
0.8543051100260891,0.6257235180965675,0.18245494683597382,0.11518
0.8471132064389797,0.1147362144539173,0.6147086558440733,0.11694
0.6365168683902852,0.11378478268378114,0.6542340666794995,0.12174000000000001
0.07876179411815705,0.10954971469963423,0.10184812367857328,0.45642000000000005
0.07829921716410405,0.10876454327403416,0.10050462857204377,0.45997
0.4600430056600928,0.49573044590224447,0.6053547783840163,0.11350000000000002
0.06767625331440232,0.10524701292969381,0.10686790186204372,0.44380000000000003
0.49474732869034505,0.8237454349328129,0.24383412629483714,0.03475
0.4649210487411757,0.14028191723893324,0.33831551626796097,0.14733
0.7813052200210423,0.7488374901520661,0.1909651398908481,0.07549999999999998
0.42135460947307063,0.5282219012635359,0.3498114542367632,0.12043000000000001
0.04121464522362155,0.5537363809430563,0.4298249611755839,0.03545
0.07662423219974333,0.35314600613423386,0.6145624453359827,0.08111
0.2003220172091769,0.5784589087877254,0.4440712416581608,0.07883
0.8673313281017593,0.4511183985857289,0.53570006385047,0.11595000000000001
0.1866570521751804,0.7548572806570374,0.8121665865060249,0.02749
0.8549128796821849,0.7417211700431982,0.7874014248382356,0.07321
0.07041557614589215,0.10175425026161139,0.10355685781692198,0.45551
0.8325082915175849,0.7064585869502756,0.7903995520039,0.08479999999999999
0.2986939809458392,0.37671386369832904,0.3036190214779143,0.15205
0.8169418750966225,0.47337185971132223,0.3146361456796025,0.12405000000000001
0.43008915149561444,0.13008475311875448,0.6118329814010923,0.1307
0.4727964799878368,0.6955805361936823,0.44144029839503973,0.07624999999999998
0.4162915467678042,0.4511224858030881,0.38536509400482943,0.13135000000000002
0.8710488073406765,0.16467345805668993,0.7339580786657549,0.11388
0.6239089470476457,0.3774778213337756,0.7296224547413088,0.12147000000000001
0.3995627497353398,0.26253213178198365,0.759055951470042,0.12747
0.6784124317579998,0.5155897503111334,0.532630376418238,0.11540000000000003
0.34299942590224625,0.46510891237983965,0.7089973667006005,0.10961000000000003
0.08558711513823668,0.11108704485209674,0.10024337427441532,0.45638
0.3770615525280398,0.10459918885662134,0.8686755025562688,0.12598
0.7528434265119353,0.19505025547406699,0.5000653214877021,0.11847000000000002
0.7543065738449515,0.5499553989043297,0.13077325657556102,0.12141000000000002
0.2788097584502249,0.8777101228468389,0.1379554859884933,0.01165
0.6425937444015366,0.6438915800796111,0.431176404277274,0.10024000000000001
0.06635034938584829,0.774153048097181,0.7785528368594682,0.01081
0.40329194336404556,0.32576031334494276,0.783674148974871,0.12203
0.8714584094606215,0.15882123740397447,0.7594885436502129,0.11564
0.2757508043900346,0.14407425536486865,0.3745519703120014,0.17509999999999998
0.083432717899003,0.10536659014091293,0.10031646186927193,0.46337999999999996
0.06406369515431924,0.1018549990263046,0.10354427646472963,0.45091000000000003
0.4340539856233583,0.8923587648644077,0.6973562757310406,0.012650000000000002
0.642472963785828,0.49243593458511836,0.8968031318666146,0.10845
0.7245227890293412,0.709098864175517,0.608590903218722,0.08288000000000001
0.42110576841869535,0.5333129174181734,0.772670947680143,0.10534
0.37262913584406054,0.592417639693172,0.15029256841597977,0.10997000000000001
0.6361121235954351,0.7974908233169355,0.8592684518421158,0.049510000000000005
0.18047144054421485,0.8113497120856582,0.5718639575863118,0.01815
0.24550785352305585,0.20186680112416586,0.321857380553752,0.18144
0.5555909972650086,0.3416327233791606,0.8896318715895829,0.11033000000000001
0.7291022685901872,0.7614606561957643,0.3260531044360293,0.06943
0.15552475623194323,0.42448455536668217,0.2746661950180511,0.13842
0.48390816560678385,0.12347181255146032,0.3281585096471123,0.14190999999999998
0.019550720490241345,0.7080924691659632,0.31587166745552336,0.00792
0.8290391775698748,0.10685523300352769,0.3984816017604679,0.11945
0.0557283942017657,0.10115929694024645,0.10020057185238258,0.44867000000000007
0.20242487922561558,0.4913307128640291,0.27464731052989455,0.11979
0.5703638931338079,0.1426227322221541,0.36972267319973695,0.13624
0.15549606488998233,0.7001007494059807,0.7293801660874024,0.03385
0.8021576324089513,0.1486457570485225,0.8728658565033414,0.11526
0.8567092628138185,0.6549892731554747,0.8326012786252192,0.09734000000000002
0.5651285321148933,0.17888221280696331,0.8588078348377488,0.11639000000000004
0.2982572643606884,0.2873547867594993,0.553106441955055,0.13249
0.8857097734831479,0.6435891888967779,0.7108743497497354,0.10167999999999999
0.2751044647054712,0.7831855903147024,0.20591102761376576,0.03495
0.8611485108890183,0.22260203268055181,0.25239934571148626,0.12243
0.3352241670994513,0.731448746168334,0.5397375362990875,0.05290000000000001
0.7404368980989258,0.4148676736436758,0.8343397355182784,0.11153000000000002
0.5923747548917482,0.3838302059389984,0.1230760757790213,0.13663999999999998
0.782849095858278,0.4009290169329359,0.6585775434676525,0.11734000000000001
0.21678628468055985,0.7223828277754339,0.682759558061342,0.042289999999999994
0.5833364380024667,0.8306482955316583,0.6187638015264283,0.03512
0.6946907012845759,0.41273603770238376,0.10108993445545514,0.12857000000000002
0.7079938497804426,0.16156979242017552,0.7282971716922242,0.11897000000000002
0.46337084474128537,0.3914718111033816,0.8039323017330507,0.11721000000000002
0.6311058943433017,0.3812448045370477,0.10060801851434187,0.13317
0.4938002913436254,0.1872139929286154,0.31190749262257533,0.14721
0.25381133185390986,0.11643770293173229,0.26163941876052177,0.20323999999999998
0.06820705909893267,0.8895338781687174,0.5648847977670476,0.0027
0.5840070733367244,0.1188671892102141,0.8764047793205709,0.11832000000000001
0.4052279068813338,0.21929730198977462,0.4726452164176439,0.14332
0.7070506443057784,0.45320879272884784,0.7000856771782888,0.11753000000000002
0.05142828849149255,0.7318664834206879,0.7009920829791604,0.01301
0.07419595855254135,0.5846376010034297,0.7442160405172674,0.03628
0.3329667134626914,0.5241290427400367,0.3296465354533989,0.11912
0.17314546242165288,0.13752839725511035,0.3061099623878828,0.21626000000000004
0.47123613336342574,0.2750532299050944,0.7567367366469444,0.12393000000000001
0.45131438613740826,0.6413899016512662,0.1160194798490193,0.10028000000000002
0.031674224836997014,0.36958461948329335,0.2985371741404629,0.08288999999999998
0.10061537951430721,0.5267058389471775,0.5448011971208894,0.06280000000000001
0.3768081288925622,0.2955870264725845,0.5063699202214529,0.13298
0.2733468947651989,0.20759769517076898,0.6895627371942065,0.13349
0.858115516715761,0.7360200828891567,0.5440653813489974,0.07675
0.43069283708704253,0.37906485889979324,0.49189297964719547,0.13036
0.7882772376142073,0.6104894824742757,0.8189533259421501,0.09973000000000001
0.8542202618642456,0.44110434066935056,0.3821570712163307,0.12068000000000001
0.3882263720383002,0.7799406551121052,0.75313746015933,0.0406
0.6034208583327211,0.4408843617490449,0.3222567096151221,0.13114
0.07215733358533005,0.10764866307803614,0.10046952272706725,0.45835000000000004
0.19879901028377153,0.4970416661403957,0.3851136198302627,0.10801000000000002
0.07906001540190782,0.10068074483309611,0.10088637605914696,0.46038
0.07856844827703237,0.5991161649418623,0.5445128620863263,0.041049999999999996
0.09950504504151926,0.17541700785965023,0.3662569880806217,0.18335
0.3482821625045248,0.13300299503844892,0.6490643416266415,0.13323999999999997
0.1974319754660685,0.8098854748333689,0.4688347922895454,0.019530000000000002
0.5053723154499364,0.5909385698087624,0.26244184970691165,0.11559000000000001
0.03347200877842133,0.14040357557805055,0.34536493515439803,0.13158
0.49780130827255875,0.15491231706083602,0.6344763751130934,0.12830000000000003
0.4793211159533692,0.58071781940512,0.3678851852201651,0.11107000000000002
0.13884876791382114,0.3655618705891348,0.6738719479600828,0.10287
0.04424795787164949,0.6253210477166311,0.5082740742264307,0.022520000000000002
0.07322015352662693,0.32585024814568664,0.30821350517811275,0.14004999999999998
0.48304173862040456,0.5921017614051259,0.20273431445572965,0.11590000000000002
0.25052784091194485,0.21351264016338942,0.4456410516505941,0.15926999999999997
0.806570005230082,0.7793268028090108,0.8377186618495625,0.061660000000000006
0.6379505166101075,0.38172040528885054,0.6638014459724533,0.12128000000000001
0.7099074990661236,0.6787239650530374,0.14925520340152637,0.09831
0.40753460843396544,0.8899001245691237,0.7283112732036214,0.013190000000000002
0.3165383554765861,0.17247369177664026,0.5495639277614649,0.13802
0.6119986782097215,0.5398675652773812,0.6232424428235974,0.11067
0.6296012716787347,0.5602959260358492,0.4349797504134322,0.11603000000000002
0.46191166045000315,0.6696657155373847,0.7604995638236685,0.06927
0.27062147086631483,0.7995957847907675,0.6209111410311239,0.030420000000000003
0.17392281611894825,0.21237165678867778,0.4514748400584009,0.16343
0.7966423953529306,0.13847365508452597,0.8031850207854115,0.11676
0.36129398271839,0.47418650750923774,0.255731810703013,0.13379000000000002
0.13529480475422373,0.7311415263018579,0.6004380647499935,0.028800000000000003
0.27630310629658533,0.10691014013367042,0.24309498405149,0.20291
0.8133710189953282,0.3738916302796571,0.21105853072467265,0.12458999999999999
0.12112642573639938,0.5167898910516942,0.3903888121148468,0.08333
0.513479692038694,0.5605445750044129,0.22589413429240504,0.1232
0.6683680387851891,0.6947512191423082,0.867761525663787,0.07844999999999999
0.8779670957021173,0.5543457537380343,0.5224904108352905,0.11412000000000001
0.375554129583762,0.30716104933378074,0.6208978326951311,0.13086
0.29437906204360553,0.5571714358622305,0.5327586855454073,0.0919
0.6691058467547422,0.6065426328452972,0.4049061703179596,0.10865
0.03312151547701123,0.7216983791654119,0.5777280830906409,0.00991
0.6522006438925213,0.11563052568985378,0.18560306379311506,0.13423000000000002
0.6688763290921721,0.3172549678168324,0.8319841789847876,0.11581000000000001
0.8794180967873423,0.662480494658492,0.46032957882624215,0.10471
0.44988031750473184,0.8810704069196936,0.7180536993723234,0.014210000000000002
0.887379946756202,0.24943524789099583,0.5066787852194901,0.11587
0.12052179536962516,0.1185400059732631,0.8487130645306706,0.12177000000000002
0.866139771278732,0.13066009476929816,0.5481902445234156,0.11402000000000001
0.44178126743421586,0.5487110813362317,0.8881597437334308,0.09269999999999999
0.6392363201223569,0.3760050331120397,0.34780654086912277,0.12928
0.222279169042107,0.3048976967581749,0.6688307724828961,0.12478
0.12503231654249686,0.3940302921906974,0.8881073506054221,0.07805
0.7151169168422445,0.5388268220561573,0.252688229494459,0.12407
0.556896121380639,0.8021099447366592,0.6333051301244222,0.038149999999999996
0.4151025184607067,0.7134028771933904,0.47069670039148426,0.0649
0.05845012149934132,0.2573088258074072,0.1816714071409446,0.22514000000000003
0.3380810622722184,0.2127642494155704,0.28477664547296616,0.17157
0.223063217081416,0.4196160181713725,0.13002775607783112,0.16860999999999998
0.16297302889682042,0.15049114694455606,0.607590123754836,0.14273
0.6658261500040356,0.7590781863655124,0.8567053250783861,0.06013000000000002
0.1525634649697179,0.5655426321705396,0.17900789242867518,0.09300000000000001
0.5723251607845325,0.4930320441543249,0.5547646601882873,0.11595000000000003
0.03814553773135371,0.6725414698971137,0.815185017878198,0.012570000000000001
0.4619335585905309,0.4496122676922244,0.798668548239942,0.11233000000000003
0.741154504502652,0.18182598173755893,0.5351927709241779,0.11951
0.8411181115187438,0.8262162126610554,0.2887912351875065,0.047110000000000006
0.5081603779139185,0.7326716715208808,0.45906429994826226,0.06664000000000002
0.2428625823612311,0.3496305018333876,0.7277331791632915,0.11638000000000001
0.5541082387842113,0.35145307079662436,0.861987901603239,0.11683000000000002
0.42567664249413223,0.2959255447123925,0.768991072197524,0.12435
0.46930857567165674,0.28214790574759313,0.1158381211147182,0.15417999999999998
0.5521062456257865,0.1659297562009143,0.22240369692582285,0.13918
0.06012318213003214,0.47594912472130113,0.17440706856294963,0.09553
0.8041311184209329,0.27445262815674815,0.8920922997682987,0.11097000000000001
0.8019516001572391,0.5469613051489938,0.7221151147198229,0.10995
0.7569194070238647,0.781342723351646,0.6881479085331443,0.06120000000000001
0.36745705014924324,0.38652064401216824,0.7711926605771332,0.11680000000000001
0.16648569629121956,0.2169210478491228,0.14149014352238887,0.27917000000000003
0.07573407072725961,0.8610948752535248,0.48041038951961224,0.00532
0.6649899654170306,0.33313807518604877,0.4151659219347513,0.13015000000000002
0.644912504586796,0.7912307161903305,0.28477337094771915,0.05751000000000001
0.6563182714416594,0.7691317783952524,0.4454691962768824,0.059300000000000005
0.7020016873503532,0.42051203132329695,0.4339270244948995,0.12489
0.32281103325555144,0.7869725652940017,0.25180553107637854,0.03958
0.875633499630603,0.6727295360278494,0.22612944490523737,0.10444000000000003
0.5168269088501449,0.4626553656725195,0.5317572276880925,0.11980000000000002
0.040374025293514006,0.7606464012811575,0.7739464602089059,0.007470000000000001
0.6975295639837288,0.21811387782510683,0.48531230545300863,0.12091000000000002
0.6111182615583745,0.8545341554656134,0.5900500286784286,0.02947
0.7292139366849123,0.8639032146608069,0.638726570930039,0.02989
0.1525304504484151,0.8468777367274927,0.7130368698526693,0.011150000000000002
0.7496406086174034,0.7765737031013122,0.8194183604670313,0.05882000000000001
0.17509666282128789,0.3994391471437523,0.712832877111804,0.10527000000000002
0.31442387725919746,0.11569508942610512,0.7066338554198053,0.13678
0.6758687917950155,0.5551300268389455,0.6947493663895992,0.11102000000000001
0.5019120490977368,0.6542966831915915,0.4758584735896456,0.08944
0.08035840748589172,0.8397804279297766,0.7831676365427199,0.00661
0.3314496576936744,0.21487419035455305,0.5878364108883519,0.13545000000000001
0.24437549566183692,0.5735327069745985,0.880952473350457,0.07065
0.08741523066616642,0.10031649165142867,0.10584054098084535,0.44867000000000007
0.806059201436957,0.6069079948137593,0.4092037942441963,0.11038000000000002
0.5813625823236035,0.35310092246046254,0.11005716051007611,0.14003
0.011670102347918107,0.1250567159029969,0.23286196067281506,0.10927000000000002
0.06198733795491227,0.16318841877735446,0.22920740094898656,0.23851
0.16560728983427964,0.26091477631110904,0.5507137671330316,0.1346
0.2890249709484027,0.5015320121606792,0.13240623279134703,0.13543
0.3618712265853245,0.20578017410127675,0.8698302467254923,0.12194
0.6948826629223179,0.1415820260138567,0.7536926709018714,0.11770000000000001
0.17862017760034318,0.40180844736814114,0.25855601104813264,0.14709999999999998
0.8475167370580473,0.2951546610003822,0.11924910654079152,0.12189
0.600976915523756,0.27112196190424365,0.3145876989279217,0.13754000000000002
0.20871521944647436,0.7151964160232537,0.4568737488706812,0.04374000000000001
0.7254344737121506,0.2062072622687792,0.8611083519697148,0.11431000000000001
0.13594464168242423,0.11979517453674832,0.2292046267177485,0.28124000000000005
0.0884166558417069,0.40088381619036095,0.370277025987069,0.10173
0.7095946521243162,0.6580730182357185,0.7633186186619406,0.09472
0.5794036615601776,0.7508786771398678,0.780943947480191,0.05906000000000001
0.7565707497539228,0.8534967289360278,0.7598503877740214,0.03422
0.6744054247314868,0.7672070948419154,0.4365834995596908,0.06151000000000001
0.4980133966350498,0.7852994552749779,0.4626663973673327,0.04836
0.0991539960869181,0.1016911254118945,0.10072339412936167,0.44859000000000004
0.6351672327034145,0.4457564843153605,0.4624571854710151,0.12235
0.12646416910700178,0.12923083886468234,0.6086590998976174,0.14263
0.17219712508048812,0.4995767975283275,0.21968620670106315,0.11979
0.6126268370765683,0.20310744244679316,0.49089408374374066,0.12708000000000003
0.16750700678958627,0.6371689637315489,0.37646647343264483,0.05766000000000001
0.3132891913609641,0.49493320652886064,0.1834749053447679,0.13502
0.2220958921226368,0.5668934366443138,0.24176891795700634,0.09525
0.8446655947620806,0.14799819055806226,0.8115445054998485,0.11335
0.627054281138326,0.5461464076760709,0.8429410840845275,0.10194
0.563654921352744,0.7260276833527114,0.3354371832302173,0.07565
0.03589134168729295,0.5573180192248904,0.7998204804114887,0.022580000000000003
0.6424364449523526,0.4457359828363513,0.6454903148760451,0.11870000000000001
0.3201397918030146,0.49773806700626644,0.6940552006496133,0.10285
0.25386327304320355,0.6375580839903703,0.11971837546425254,0.08119
0.26156003545574213,0.36693624339898034,0.64358831316311,0.12191
0.059696500479601775,0.6640217233695812,0.23290645786775221,0.03115
0.03093081153543506,0.7041298765371152,0.6716037051724344,0.01006
0.43839710788682373,0.3312711127479609,0.5928776900918727,0.12978
0.19022580028897346,0.7515427677143539,0.23475688575091955,0.03375
0.8771571483636308,0.12676001240631873,0.24198597347308762,0.11976
0.3655961234530807,0.5192034304234856,0.20873567721523678,0.13127
0.7015106965078799,0.6699867257942773,0.4656748844615527,0.09323000000000001
0.8635803976258917,0.3207770575550032,0.7526687818420666,0.11399000000000001
0.7187347832178624,0.8599172920299472,0.2705713624817888,0.0322
0.3305218659188454,0.6825858575636992,0.38030336989227165,0.06528
0.1414715764486628,0.5145094126141048,0.7752567959386639,0.06805
0.7728837870003431,0.856984010889679,0.1326253680785258,0.03473
0.5372013068912506,0.732231489274823,0.30461807255550666,0.07453
0.44281974775649907,0.17091404418520978,0.3566669329553068,0.14687
0.743281796691358,0.7699019217663409,0.3034168482849174,0.06395
0.638507422484408,0.458921813394783,0.2789246102425742,0.13244
0.5434120829152642,0.436409118555492,0.7595185224461066,0.11526000000000002
0.673707126250299,0.4556023090943694,0.25039765784222606,0.12802000000000002
0.7601733231776279,0.8096028476618078,0.741782782446223,0.045899999999999996
0.5706284008535986,0.26683157988957484,0.5123747456418672,0.12484
0.4920974509317552,0.535279352132365,0.23581500068872485,0.12140000000000002
0.16552017007920777,0.8607766340513491,0.37265436026313314,0.011460000000000001
0.5452601183996965,0.5592899351957008,0.45557079303929326,0.11238000000000001
0.5972264780015727,0.434290286242918,0.8884048345114913,0.11028000000000002
0.7253218486594682,0.7271881505798031,0.601812835872714,0.07911
0.5837208288765914,0.2623899276369635,0.7526928013426203,0.12105000000000002
0.6244506078928632,0.5183580958567585,0.1381317866710169,0.13177
0.1975810535429742,0.31615557147937784,0.6677031710707828,0.11969000000000002
0.2040883587763933,0.13962613398535945,0.4730484853577611,0.16415999999999997
0.32359365374190185,0.8469652372547726,0.5149431322220862,0.020819999999999998
0.5937739123152239,0.5750862540247418,0.3014933566300959,0.11584
0.5143435855335505,0.6440130063609818,0.2750656026880565,0.10127000000000001
0.3595890288849493,0.2794239608798813,0.47376606683710987,0.14142
0.6096951338817217,0.3044827902312893,0.8257124628404263,0.11858
0.6045200347829821,0.22933590335769288,0.5471821552916983,0.12078000000000001
0.817205918196823,0.8370606627523816,0.5560316394636111,0.04042
0.8927254745712287,0.43323143784300466,0.6187127338301183,0.11477
0.15322860188940574,0.5629717856703096,0.4350429549745679,0.07519999999999999
0.11549597654344679,0.16434514298374164,0.5664498688277838,0.13564
0.4932343179776345,0.47995523737352463,0.6872969735870392,0.11374000000000001
0.22813434151576872,0.7824232834946037,0.3252412929269771,0.03216
0.5126239380842502,0.48614338007352165,0.10425341864726585,0.13595
0.5680439818894782,0.6012161421801006,0.10415385725251003,0.11244000000000001
0.5368388847374073,0.6851158417923208,0.5321695624189614,0.08004
0.7713231741040039,0.8114189225307171,0.15969598228544976,0.048440000000000004
0.20552317430269879,0.180282526153853,0.448659945841379,0.17085
0.4416381509546857,0.4558789413357144,0.4721073586194916,0.12513000000000002
0.7060552098865799,0.3969821328991393,0.5804598257756894,0.12147000000000002
0.3378951582997724,0.5040939098205817,0.8868695995582585,0.09436
0.778060712219478,0.3039640516575798,0.17713227129963002,0.1234
0.06485189193454377,0.6881666370891024,0.8237041499728118,0.01876
0.6343999470037652,0.20920240693409878,0.2287690762982025,0.13378
0.6569437487102904,0.3778501406588902,0.5780918284900811,0.12062
0.01697181362816056,0.3253654957747163,0.11251271047725347,0.13951
0.617355668276809,0.13122566732481095,0.7236888283194387,0.12266000000000002
0.7843181017895154,0.877770886536046,0.5318483570710072,0.02146
0.259477924206387,0.8369618706414642,0.2700511548611978,0.01922
0.48379375311985123,0.7393544208012186,0.6907368698145555,0.05482000000000001
0.8739916962278619,0.6378811002719603,0.2421981581571806,0.11281000000000002
0.746048461342161,0.18480182764032035,0.7672332055013139,0.11775000000000001
0.06658350384882376,0.6736982387673491,0.8585439548493046,0.01901
0.20926177447959798,0.4222686494848048,0.477056051157727,0.11678000000000001
0.3950671312103848,0.6925487608975954,0.10693866098305956,0.07514
0.41642574803934346,0.35554245750806734,0.16656351784654488,0.15705
0.6205728746704291,0.8127371861968572,0.3390657019072766,0.043309999999999994
0.1617330858283056,0.1303998920166164,0.2204456746678676,0.2762
0.7338805733134708,0.7064545006533989,0.4151374165377455,0.08751999999999999
0.7052060768857842,0.32922790493435494,0.8862206540153702,0.11422000000000003
0.7826935814471323,0.7465178525101673,0.5878711266291903,0.07329
0.6768698044544722,0.3711011340262268,0.5387489684365452,0.11979000000000001
0.49135176648589773,0.6708863944370483,0.39326230578140475,0.08376999999999998
0.33943792503672593,0.24192961272032049,0.18358436370344944,0.18168999999999996
0.3999407401818626,0.23150461679366025,0.40486661775028576,0.14955999999999997
0.07752019998552528,0.8253959832950589,0.501677844630886,0.0077
0.7203600356489175,0.7949665421657771,0.5250318272822099,0.05843000000000002
0.05447427840480302,0.6883301769400916,0.6547242671677846,0.01785
0.5668606217246437,0.7646082000276648,0.8302480394118141,0.05496
0.2775419536342129,0.3507363317529527,0.8984466582230548,0.10810000000000003
0.6418333069036192,0.6504537540941191,0.10499996365147446,0.10692
0.08648264201572908,0.10204602199016498,0.1018366398307915,0.45337000000000005
0.2738502730218721,0.29694817041476185,0.7906123823097937,0.12306
0.46625710957078415,0.8025414982021575,0.55142270261491,0.03564
0.7682449054375495,0.6483499141448337,0.10629328635354494,0.10875000000000001
0.8112767449722733,0.11264630105969495,0.44989556011627563,0.12099
0.5205886842134355,0.41868978345594143,0.49874849926256426,0.12406
0.6126822670677257,0.6259476794624822,0.2847742711242161,0.10869000000000001
0.2050414685015166,0.6121225158475279,0.5928349918670812,0.06165000000000001
0.09104167081280742,0.7053404723030233,0.22560598647184746,0.030060000000000003
0.03972029948554333,0.771211752656287,0.7178347320485795,0.0073100000000000005
0.6398300521985163,0.7729337730904808,0.6759225720446526,0.0574
0.32578064090391257,0.5157367386190409,0.6206273295992203,0.10437000000000002
0.6544687029877411,0.3409802778419022,0.5333106945639149,0.12227000000000002
0.7360716213344775,0.27407722450498995,0.2095884745937123,0.12974
0.3825955193218894,0.48185395553041643,0.5414240913527324,0.11291000000000001
0.6910644702020429,0.7952481373427716,0.7150110552421718,0.05496
0.5739946145905904,0.732023617376292,0.6984512355576425,0.068
0.583577045296034,0.7717271724520333,0.7435646442329545,0.053210000000000014
0.293712651582094,0.8991811794806898,0.46943862742845777,0.00912
0.4899152240719663,0.2773035113792076,0.6834013637882983,0.12411
0.5481501126686363,0.49076709886566106,0.4626750048580952,0.12098000000000003
0.5247710305279852,0.485578431020949,0.2710437880239529,0.13341
0.15549449552549302,0.8641148706607072,0.24331004475194296,0.010129999999999998
0.31082678103187955,0.2334077963790675,0.2984217118280764,0.17595
0.7650820053163419,0.7064731539148063,0.7596499629131253,0.08326999999999998
0.07317386497198257,0.5490973907158663,0.899825920503342,0.035199999999999995
0.10646554708232345,0.7192819247147121,0.6734709079032424,0.025250000000000005
0.7734735511787292,0.7017645232090288,0.2791706903033999,0.09371
0.5655110626862452,0.34971930007753405,0.6999119604467261,0.12063
0.1578182528017238,0.8358378149642521,0.4788679360400794,0.012310000000000001
0.7958440618022283,0.6626851561774619,0.8086002516613845,0.09632000000000002
0.47346849255112294,0.31941155493599693,0.27039968839801154,0.14665999999999998
0.6720598115081632,0.7292058959324458,0.8669924929972369,0.07385
0.7808131628789882,0.7463504105217423,0.5228544487611716,0.07357
0.36077054116708634,0.7953052959392455,0.5304947253359481,0.037469999999999996
0.07143128011791552,0.1073551846977595,0.10190227151854857,0.45359
0.07014081700373444,0.10025115241281696,0.10129697224912411,0.45619
0.13842677366711822,0.4823157219892056,0.5119170656193037,0.08181
0.8936609361997355,0.43170423670083946,0.18638524379185084,0.12120000000000002
0.2252175456030424,0.6680756224279515,0.18843176903314263,0.05912
0.1651448353119538,0.8797467792311474,0.31496292793156266,0.007010000000000001
0.7022484106568467,0.6390562173767733,0.6124878339364959,0.10073
0.26827029434321265,0.6152182379482957,0.5806665623394281,0.07182000000000001
0.15686732629970288,0.19325185352729757,0.5281871503597103,0.14576999999999998
0.5781653092716509,0.15380305120891224,0.3708187927168801,0.13534
0.2051496709040591,0.7408436504376066,0.6819837156529492,0.03146
0.25691871294460616,0.7644917330898638,0.21992920805991611,0.03872
0.5707069937148974,0.6677677871939434,0.16673298065975592,0.09325
0.17025384999700627,0.21306467019850958,0.8566459991664311,0.11850999999999999
0.47942288912140973,0.6514338920925113,0.797145706513885,0.08075999999999998
0.43828225857907427,0.2760040833884428,0.7875810343323397,0.12312000000000001
0.0361359356711821,0.8131495602539881,0.6247233166769128,0.004050000000000001
0.2723526284294888,0.10916645798484854,0.4207375728662097,0.16948999999999997
0.7088880909116285,0.2733033287554396,0.13124608943545485,0.12932
0.30526797715403,0.7287561156325244,0.7607934834661162,0.048170000000000004
0.2954270138286816,0.5026520112382787,0.3088251813924894,0.12286000000000001
0.07649834209442605,0.10148203284911982,0.10033484831823386,0.46345
0.5538453567756504,0.896675879592331,0.640241336618267,0.014410000000000003
0.7406173908345901,0.7488459542988024,0.23834685777552767,0.07359
0.6456529963199292,0.4186045151849377,0.4737579144250941,0.12338
0.24437607879833143,0.838852417005708,0.5465324913466318,0.01872
0.8295278346844612,0.22857549308243066,0.7467352246701173,0.11465
0.5801333093143599,0.1712882476024082,0.7508910866428721,0.12142000000000001
0.5266234228158356,0.12570155796642288,0.8994656857199663,0.11907
0.8685504641403401,0.49716571183184455,0.34870216767296874,0.12390000000000001
0.07293837418312832,0.3759211272868237,0.6041502050427743,0.07801999999999999
0.10482712123422261,0.46324503956794705,0.2677911529242163,0.11276000000000001
0.8783150131340248,0.8839515033517008,0.2516862058043766,0.024169999999999997
0.6685599265914559,0.34764525859677475,0.12724158136543606,0.13229
0.8571085346393782,0.39838758450132083,0.35069149030037905,0.12231000000000002
0.47425735922958057,0.10516272985434193,0.6475171463434768,0.12709
0.2788450978712233,0.7423652843912824,0.10096608461986306,0.044480000000000006
0.6864346760026419,0.10741369646230954,0.7222100682667469,0.12018000000000001
0.13873120953125634,0.4791428439851385,0.7900101143299175,0.07054
0.39818389111001945,0.35712116168656405,0.1965281844657736,0.15791999999999998
0.26541589923595243,0.46020087108495333,0.5574742870674793,0.10970000000000002
0.38886189183001907,0.8409872452365496,0.5545705277089268,0.023870000000000006
0.1618978620738716,0.5376716882065364,0.35952129138494693,0.08410999999999999
0.1643589493648652,0.25200448741577997,0.13493470093568283,0.27048
0.11500180218663206,0.10680589871114671,0.7832807616152893,0.12544
0.323790052326393,0.6908407548771283,0.5323403795795362,0.060020000000000004
0.3831277414107639,0.33852930195223685,0.21125527595235716,0.16140999999999997
0.8283954916649312,0.33585528870883735,0.5859662441444176,0.11496000000000002
0.04462567121254828,0.51573856088335,0.7554509035404774,0.03272
0.7784776486164798,0.8129640741621494,0.5863885144798805,0.04601000000000001
0.88650965178719,0.22499539078362124,0.40462428406975304,0.12049000000000001
0.29289241482918865,0.8523396305799501,0.2941628752843651,0.01927
0.8452011275684286,0.706527738971076,0.7207354986345024,0.08722999999999999
0.43661405349473215,0.5378712837357017,0.40263050441977544,0.11299000000000001
0.12022435746206864,0.39715719999031507,0.3278100415137231,0.13226
0.328188200352675,0.22775771266325678,0.40458355843131766,0.15710999999999997
0.15282739403819706,0.18931971674980272,0.18571582096846576,0.27771999999999997
0.17819802887942557,0.8667739880688401,0.2051007758463943,0.00841
0.7003087820601708,0.7730084156795242,0.22703599926004467,0.0646
0.8613302473631674,0.12047372471307229,0.3653831018324497,0.11917000000000001
0.3911991813003828,0.6889287921351641,0.8307393668538392,0.06325000000000001
0.8808200266634111,0.15583860375922146,0.8857236156187631,0.10969
0.39669760174938107,0.5899759614165131,0.8585444543593191,0.08835999999999998
0.5551270376543501,0.11077036942926997,0.3503220461899378,0.13751999999999998
0.07029885102908785,0.42064832640945693,0.19279932670023334,0.12774
0.6907380341517513,0.21534993051646673,0.2521894761684331,0.12964
0.07763885911480461,0.1014434864888254,0.10206763529300399,0.45966999999999997
0.7280894479033478,0.18627085065601431,0.7703042517722681,0.11559000000000001
0.1523585801714346,0.8003036409247526,0.398374658328161,0.01663
0.7881783591094268,0.5464881745201099,0.7406869636796366,0.10964000000000002
0.4167599487221297,0.2905837963155493,0.5936046942954073,0.1295
0.024808636673676575,0.27110888965413105,0.366884200256997,0.07656
0.7366697453839339,0.17893317719890817,0.28443657760680274,0.12635000000000002
0.2889520998551483,0.6655900609369925,0.3432299701390268,0.07289
0.8710435963255291,0.5386770934340647,0.7522252923369045,0.11030000000000001
0.7416649362368846,0.5856014475982161,0.3336634236503802,0.11564
0.08343379443385543,0.7321952184560142,0.19384276878908813,0.024390000000000002
0.7359313388774192,0.8248405465899131,0.6358324766232846,0.04241999999999999
0.6630518439840412,0.7913919787166889,0.5632692823565043,0.056150000000000005
0.7808997764600061,0.8124969419131565,0.299892505412805,0.048420000000000005
0.11135720702245577,0.39537047748800735,0.20162389435949424,0.16146999999999997
0.09741860517453245,0.2281937718453005,0.3492726133598064,0.16645999999999997
0.4205959906903211,0.7602685611640273,0.7908909853630369,0.045579999999999996
0.6748076624726731,0.13224050512888647,0.6389049145413122,0.12013
0.5757676854401153,0.18245961951465442,0.4496111350177808,0.13208999999999999
0.03213299732521874,0.18974545787643965,0.43594764350582893,0.10014
0.7619411014809203,0.2622967156512229,0.5096513727195421,0.11908000000000002
0.23797137351308303,0.31802750283132986,0.422492979833346,0.1528
0.561620508923046,0.7889853164590374,0.1939669623799759,0.05312
0.44174213153222813,0.33376176031606075,0.4226738861424161,0.13962
0.8566767815933111,0.2866066893485009,0.38398636376191164,0.12106
0.09367972461485942,0.3265487158533791,0.17745168434909062,0.20926999999999998
0.7215326951789585,0.7608258000730904,0.34417658757629277,0.06892000000000001
0.29712235655857555,0.8933525019734424,0.46907116174392616,0.010369999999999999
0.45324926792102344,0.15350040188065456,0.8643037077330223,0.11773000000000002
0.28500216216836166,0.7720806862742428,0.2622325500683167,0.03903
0.3591993637662916,0.6234432654480011,0.725230554231462,0.07841999999999999
0.623674383931106,0.6339772166278999,0.28752476517804443,0.10757000000000001
0.2226391386349669,0.22688062397161624,0.727977219299245,0.13096
0.36341756103530426,0.46230528128399084,0.6478547963652878,0.1158
0.37463017517905095,0.5495835946461746,0.6551110577143554,0.09870000000000001
0.38530597853009685,0.7819310033965275,0.7528757883973095,0.03871
0.32949129207248523,0.15552973593966543,0.6587421389194459,0.1346
0.4882374169202522,0.8518247154546446,0.6715995192244989,0.02527
0.7150467589253258,0.4179210571589217,0.7200816430071838,0.11530000000000001
0.23648078568021683,0.19991453157921354,0.17658361804700118,0.23087
0.7853275243693786,0.4327490364590675,0.31721887580543884,0.12390000000000001
0.5878702359575932,0.5810940230657625,0.7994046443986899,0.10341000000000002
0.021668053881063583,0.3687619689154378,0.5976632456435814,0.03588
0.06540399836251934,0.8184840988468546,0.4747453995687625,0.007110000000000001
0.11066899629016402,0.44150176445789124,0.44004994413977305,0.09333
0.3319709055142845,0.2305553272326422,0.8299532652152432,0.12631
0.17067267264211827,0.16358698483253253,0.627120931146264,0.14322
0.8800182660384361,0.27022867059978517,0.5723842010590755,0.11528000000000002
0.6401325764886003,0.10724058585155678,0.6796625166475366,0.11858
0.8336324126156428,0.31906286218799274,0.6371674757964902,0.11574
0.28801684587668175,0.66951655429694,0.22281841821045031,0.06715
0.3336847260337473,0.5069561859231321,0.5130928196934356,0.10936000000000004
0.12318520163256766,0.8305590477769402,0.2770379421474263,0.012150000000000001
0.4944740126029134,0.4266662423974579,0.3655866460923921,0.1324
0.8552535319292134,0.36953487314836264,0.6299355609889408,0.11603
0.09749263108769961,0.45750688522532623,0.5463235819984652,0.07465999999999999
0.861820856596331,0.4479978181781913,0.33837508861688625,0.12085000000000001
0.3691700006487705,0.4502443033540181,0.1847100394620718,0.14440999999999998
0.268419676792871,0.1316055070980566,0.3798322306848375,0.17673000000000003
0.13661313031878927,0.5741196199850352,0.5594257865381302,0.060730000000000006
0.6403944764344301,0.6298502181383847,0.7841698637934458,0.09742999999999999
0.3626936313678826,0.39366899168142666,0.698120211575777,0.12043
0.16860633981742615,0.36500989026118924,0.1475266982928938,0.19935000000000003
0.11072878687032696,0.5947481343124758,0.41611935765393937,0.05685000000000001
0.14511026815276526,0.4981446926739731,0.5432222667061317,0.07982999999999998
0.23449723746590648,0.4153628558932766,0.6974965197441443,0.10801000000000002
0.44812324987693014,0.670640188472995,0.7738833870860544,0.07206
0.1763531309785413,0.8679944323616747,0.6215234033845414,0.00834
0.326701073134211,0.7441613367673705,0.2472850729675851,0.04764000000000001
0.1512146477984514,0.6564074928924951,0.5184933107266813,0.047
0.7883812575107773,0.4872714065098023,0.677678113344575,0.11348000000000003
0.09974620704906251,0.6179325198701113,0.7318539626114512,0.03812
0.8772856900960794,0.8280222642707108,0.6468633714731015,0.04726000000000001
0.4430579585862077,0.4488534199214895,0.3066970566525762,0.13954
0.46074985348809666,0.4289779629189828,0.2656388889508557,0.14300999999999997
0.02146813619900238,0.5402800429825643,0.549050659295616,0.01779
0.8578685377752746,0.452823899719922,0.5215131070434647,0.11625
0.3778748549955489,0.7229361799899445,0.29372442324895365,0.06391
0.4625586365643599,0.18690046838612404,0.5032849809656549,0.13056
